Ticker,outstandingShares,trainingVolume,averageTrainingVolume,relativeTrainingVolume,trainingTurnoverRatio,trainingVWAP,trainingClose,percentageChange,trainingMomentum (%),trainingCrossover,trainingCrossoverDate,daysSinceTrainingCrossover,trainingRSI,trainingUpper,trainingMiddle,trainingLower
VCIG,12508500,1122800,19884800.0,0.0564652397811393,0.0897629611863932,3.6410679255635583,1.5700000524520874,102.54776818577514,-56.880781008525524,Bearish,2024-12-16,4,39.700240644012595,3.7884990404577437,2.2192500054836275,0.6500009705095113
NVDA,24490000384,209719200,221437525.0,0.9470806720766952,0.0085634625035373,124.74529900174572,130.67999267578125,103.07622015440008,4.757448754804361,Bullish,2024-11-07,8,40.03004957156039,147.4950704020091,137.67199935913087,127.84892831625264
MARA,339382016,47800000,79004335.0,0.6050300910703191,0.1408442337734242,20.48238059210456,20.3700008392334,97.98722760005457,-0.54866548527313,Bullish,2024-11-20,19,42.38010263505069,28.12915058124914,24.513500022888184,20.89784946452723
BBD,5295830016,35584900,40671840.0,0.8749272223730227,0.0067194188432199,2.4590805005141734,1.8799999952316284,102.65957193846289,-23.54865996300097,Bullish,2024-11-18,11,28.882800169930352,2.4210392194042973,2.1149999856948853,1.8089607519854736
SMCI,585564992,39138300,99416705.0,0.3936793117414221,0.0668385243904745,48.352548687398155,31.239999771118164,101.12035974402698,-35.39120352665078,Bullish,2024-11-19,27,42.66286501212685,45.61338529871233,37.02850008010864,28.443614861504955
ACHR,465529984,52338900,55301845.0,0.94642231194999,0.1124286335979596,5.5864325789851605,8.420000076293945,112.70783474024834,50.72230725504495,Bearish,2024-12-19,1,60.78057095390164,9.67136055570159,7.746999979019165,5.82263940233674
RGTI,280048992,176118500,154353185.0,1.1410098210801416,0.6288846060192211,5.14138957681636,7.46999979019165,125.43507561890688,45.291456299586756,Bearish,2024-11-18,4,60.63960839596284,10.686666753883426,4.9819999694824215,-0.7226668149185818
BITF,472551008,34279500,54172935.0,0.6327790805500939,0.0725413752582663,2.210932415090373,1.690000057220459,99.40827755420355,-23.56165906810953,Bullish,2024-12-06,4,38.45089166295883,2.292600362917141,2.043499994277954,1.7943996256387669
TSLA,3210060032,118566100,86925185.0,1.3640016987021657,0.0369357889939922,267.8960229817252,436.1700134277344,96.53575087604135,62.81317227971248,Bearish,2024-11-27,9,65.89892727245325,478.3828562856618,388.0640014648437,297.7451466440257
UMAC,14972000,2903300,11383055.0,0.2550545525783719,0.1939153085760085,12.670016790596641,10.550000190734863,119.52606093553912,-16.732547674563456,Bullish,2024-12-16,1,56.06127016535427,16.671034611360728,9.811000037193299,2.9509654630258693
PLUG,911196992,42184900,65023310.0,0.6487658041400846,0.04629613614879,2.2272911142176253,2.299999952316284,111.30434764580825,3.264451496013764,Bearish,2024-12-18,2,51.118621116477904,2.6936354099196174,2.2835000276565554,1.8733646453934931
INTC,4312999936,69117800,81724735.0,0.8457390531764954,0.016025458155722,23.596598449913163,19.059999465942383,102.41343654097813,-19.2256481102575,Bullish,2024-11-05,14,30.341628520725234,25.618875950506464,21.873999881744385,18.129123812982307
LCID,3011689984,90137500,86997090.0,1.0360978740783169,0.0299292093405587,2.854832014971789,2.630000114440918,114.82889161655041,-7.875486170526673,Bearish,2024-09-05,67,58.50299299254934,2.7966318692514953,2.3332499861717224,1.8698681030919495
PLTR,2180649984,99524300,81547425.0,1.2204468749319797,0.0456397407792336,45.25398943066412,74.20999908447266,108.54332845371468,63.98554032053566,Bullish,2024-12-03,8,63.52673847054346,78.8386299018559,70.2814998626709,61.7243698234859
RIVN,1012849984,38905300,44737200.0,0.8696409252255394,0.0384117101392973,13.044879001618384,13.0600004196167,105.89586125076063,0.11591842282661015,Bullish,2024-11-25,24,53.18904157077354,15.64040053312701,12.795500087738038,9.950599642349065
SOFI,1085149952,44149600,50009240.0,0.8828288532279235,0.0406852526866259,10.109344932715379,15.029999732971191,102.12907953548762,48.674318989075395,Bullish,2024-11-05,30,50.34145876707187,16.83589636744307,15.843499898910522,14.851103430377977
QUBT,118944000,122452800,69295365.0,1.7671138610785873,1.029499596448749,9.262553297632573,15.140000343322754,116.38045204539516,63.453853995014576,Bearish,2024-12-11,5,61.118674471991994,18.53843042115411,8.837250089645385,-0.8639302418633399
NIO,1941929984,27936400,54564580.0,0.511987813339716,0.0143858945637455,5.115755089714732,4.400000095367432,103.18181507843592,-13.991189605349394,Bearish,2024-12-19,1,43.140101292218624,4.978867679830809,4.582000041007996,4.185132402185183
IREN,214406000,15101600,19735285.0,0.7652081031512846,0.0704345960467524,10.361048495080913,11.414999961853027,103.46036319828029,10.17224721293888,Bullish,2024-11-29,14,45.33067698584549,15.908789887472896,12.747249984741211,9.585710082009527
OPEN,715070016,33941000,44760520.0,0.7582798412529613,0.047465282057079,2.0339993966267995,1.6649999618530273,101.50150726367634,-18.14157051303573,Bullish,2024-11-22,20,34.92304299205234,2.4362793546683896,2.0527500092983244,1.669220663928259
DELL,357336992,9248400,10053075.0,0.919957326489656,0.0258814514227511,120.85761551846801,111.95999908447266,103.40299891903283,-7.36206518374982,Bullish,2024-11-22,5,31.64597405193924,144.3068765589441,125.30349960327149,106.30012264759885
ABEV,15728199680,31838600,30142815.0,1.0562583487972177,0.0020243003425551,2.2619201966959355,2.0299999713897705,101.47783112377249,-10.253245257942293,Bullish,2024-12-02,11,36.02652648347536,2.3752715110750664,2.19099999666214,2.0067284822492137
GRAB,3908999936,22249700,35926895.0,0.6193048411225073,0.0056919161842626,4.166393834225122,4.920000076293945,99.59349632893544,18.087734190615254,Bullish,2024-10-21,39,46.927943767063454,5.542259276889984,5.196999955177307,4.85174063346463
MSTR,223892992,26922900,33352900.0,0.8072131658716334,0.1202489625043735,263.97489135162044,326.4599914550781,111.56038159032613,23.670849823450116,Bullish,2024-11-07,20,43.66910800770702,431.84991362916554,385.98450164794923,340.1190896667329
ITUB,4834809856,88212100,34764675.0,2.5374061457499604,0.0182452056290339,6.065883996326792,5.019999980926514,100.99601973953862,-17.24207083474751,Bullish,2024-11-05,8,30.11971471776185,6.003698413441582,5.454499983787537,4.905301554133492
CLSK,280801984,35966500,43660845.0,0.8237701308804262,0.1280849212233486,13.262950023009376,10.90999984741211,102.10816222848254,-17.740775404530854,Bullish,2024-11-07,13,38.673946735835635,15.748374393582377,13.352750015258788,10.9571256369352
AAPL,15115799552,60882300,45004605.0,1.3528015633066883,0.0040277260749957,225.81470397372846,249.7899932861328,101.88158546513407,10.617240104609692,Bearish,2024-10-25,25,67.13442970996526,256.57875211481723,242.45849838256837,228.33824465031947
T,7175289856,43160800,38254370.0,1.12825802646861,0.0060151995063877,21.022840908045186,22.56999969482422,100.79752019321941,7.359418232513732,Bullish,2024-11-15,26,44.15810098727894,24.022597259498248,23.226500034332275,22.430402809166303
SOUN,337015008,139389800,103201270.0,1.3506597350982212,0.413601165203895,9.379956486090466,18.854999542236328,115.38053401716664,101.01372080133208,Bearish,2024-11-19,3,72.71732204477475,21.780232873664204,12.828749990463256,3.877267107262309
BTBT,147792000,19393100,21920990.0,0.8846817593548466,0.1312188751759229,3.8399853036821336,3.390000104904175,98.82005312584681,-11.718409399808676,Bullish,2024-12-04,6,38.898372597703236,5.030872347335417,4.297499978542328,3.5641276097492396
NU,3755130112,73185800,48768250.0,1.5006853844458228,0.0194895510454152,13.520367990809447,10.329999923706055,100.48402895550966,-23.596754683541636,Bullish,2024-11-08,7,24.206378300226792,14.32841233050909,12.262499856948853,10.196587383388616
AMD,1622809984,46160700,36494485.0,1.264867828659591,0.0284449198951933,150.0619323736473,118.87999725341797,100.27759239458192,-20.779377305756498,Bullish,2024-11-25,15,26.55981160491966,148.27707645906378,133.7180004119873,119.15892436491083
CYCN,2710100,134800,9117010.0,0.0147855492096641,0.0497398619977122,5.300489017312985,2.950000047683716,108.13559341211491,-44.344756907369636,Bullish,2024-11-29,19,49.073327152330734,5.667294113129637,3.0382500171661375,0.4092059212026373
RIOT,343927008,28545800,40819355.0,0.6993202121885561,0.0829995880986468,10.44989151984558,11.1899995803833,103.2171637520225,7.082447307057372,Bullish,2024-12-16,2,45.3494400721091,13.888583010673337,12.266000032424927,10.643417054176517
F,3903439872,81659000,58276920.0,1.4012236748270157,0.0209197535193901,11.143345633020203,9.739999771118164,101.43737522189573,-12.59357744180181,Bullish,2024-11-22,10,29.160696785190304,11.54629672325198,10.597000026702881,9.647703330153782
PFE,5666990080,50324700,41823370.0,1.203267455491989,0.0088803225856361,28.004143927057008,25.770000457763672,102.28948444744843,-7.977903110027778,Bearish,2024-10-21,36,47.38474658514794,26.38993399010741,25.699499893188477,25.009065796269546
VALE,4268720128,35452000,30857360.0,1.1488993225603228,0.0083050654381059,10.590503878806741,8.779999732971191,101.36674133495075,-17.09554301244016,Bullish,2024-12-10,3,29.27512281548264,10.36347559880114,9.586499977111817,8.809524355422495
AMZN,10515000320,39918700,37926190.0,1.0525365189595897,0.0037963574688697,191.4337853212761,223.2899932861328,100.72999459529015,16.640849425504296,Bullish,2024-12-03,16,57.490584491964256,240.13279191840599,217.70199966430664,195.2712074102073
HPQ,937798016,7615500,9218240.0,0.8261338389974658,0.0081206185874464,35.65944840529922,32.459999084472656,101.47874169986018,-8.972234467740977,Bullish,2024-11-21,6,31.35434149504521,39.48702851329355,35.74749984741211,32.007971181530664
IQ,525220992,15276900,26305535.0,0.5807485002680994,0.0290866135068721,2.6121298011522565,2.0299999713897705,100.98522074918166,-22.28563946193249,Bullish,2024-11-29,19,40.34012754342217,2.43423551196388,2.1730000019073485,1.9117644918508172
RKLB,499911008,15541800,23955220.0,0.6487855256599605,0.0310891333683134,13.416306560241132,23.219999313354492,107.10594993398618,73.07296318173246,Bullish,2024-11-06,29,54.83770043263977,26.78713907132225,24.09225015640259,21.397361241482926
WBD,2453169920,30392000,32014130.0,0.9493308111137176,0.0123888686846445,8.479950986287827,10.489999771118164,101.9065759163865,23.703542486042757,Bullish,2024-12-12,6,50.721613923968434,12.00950127484385,10.785499954223633,9.561498633603417
HIMS,210100992,31501300,17086060.0,1.8436842665892543,0.1499340850327827,22.097884663561892,26.360000610351562,99.39302031977466,19.28743864709208,Bullish,2024-11-25,16,44.71912995141522,35.44786185410424,30.398000144958495,25.34813843581275
IONQ,216392000,27705800,27894445.0,0.9932371839626132,0.1280352323560944,21.665044044456902,37.7599983215332,117.63771224432004,74.28996795044259,Bearish,2024-12-19,1,58.96570717309535,41.879943811090826,34.43900012969971,26.99805644830859
BAC,7672880128,38583600,33356545.0,1.1567025301931,0.0050285680678367,41.7468639213061,43.380001068115234,101.82110899349593,3.911999593281158,Bullish,2024-11-06,26,32.46239749149905,48.63881356277068,46.24300003051758,43.84718649826448
KSS,111318000,8341000,13435795.0,0.6208043513614192,0.0749294813058085,18.61636503554825,13.859999656677246,102.23665531959341,-25.54937749549199,Bearish,2024-11-15,35,30.864963474753495,17.282171061133727,15.171500158309936,13.060829255486144
QBTS,247006000,121957200,80215055.0,1.5203779390290264,0.4937418524246375,4.369437142703079,6.369999885559082,101.09890381348465,45.785364968504574,Bearish,2024-10-31,7,62.03850058113996,8.226789977473606,4.355999982357025,0.48520998724044384
ET,3423920128,14762000,16572465.0,0.8907546342683481,0.0043114323489265,16.796255166418394,18.270000457763672,103.22933846636646,8.774249240341451,Bullish,2024-11-05,34,46.404345802263705,19.76851179084508,19.01500005722046,18.261488323595838
WULF,385908000,23184200,24519125.0,0.9455557651425164,0.0600770131741244,5.63537890264607,6.489999771118164,101.84900410829391,15.165277849743344,Bullish,2024-12-17,1,44.61354582062389,8.412765703851175,7.3709999322891235,6.329234160727073
LYFT,406286016,12668600,13949220.0,0.908194149923795,0.0311814817667758,13.461603606837896,13.579999923706055,99.92636061164934,0.8795112404588925,Bullish,2024-11-07,14,33.887222669541586,18.658823730440385,15.914000129699707,13.169176528959026
SYM,106353000,2835800,4072345.0,0.6963555396215203,0.0266640339247599,27.354765154823255,23.040000915527344,104.12325875799158,-15.773355080458886,Bullish,2024-11-19,8,35.93496072492309,37.90103760703065,28.46800012588501,19.034962644739366
GOLD,1748050048,24976800,20183205.0,1.2375041525862716,0.0142883780865294,18.65311615085126,15.229999542236328,101.51018058321539,-18.351446379958954,Bullish,2024-11-21,26,26.62856984589357,18.594263526428442,17.084000015258788,15.573736504089133
SAVA,48110500,3300600,12536815.0,0.2632726095104697,0.068604566570707,14.19450741924384,2.2899999618530273,102.62008488118009,-83.866999437061,Bearish,2024-11-25,21,22.42765877643137,21.603774352864683,5.738499999046326,-10.12677435477203
WFC,3329489920,16444600,16967795.0,0.9691654101195823,0.004939074871865,61.66411827870235,68.8499984741211,102.16412185445375,11.653260268704138,Bullish,2024-11-06,26,39.603313731214676,78.55243076639803,73.34000053405762,68.12757030171721
AVGO,4670580224,40845200,38434910.0,1.06271095730418,0.0087452089550062,171.79849119365778,218.32000732421875,101.13136033302068,27.07911798720057,Bearish,2024-11-13,21,62.99812297514797,241.21897789119998,185.31399993896486,129.40902198672973
JOBY,765086016,21058400,22578010.0,0.9326951312361008,0.0275242254591149,6.274902122478637,7.230000019073486,106.3623794873229,15.22092102717258,Bullish,2024-11-11,31,47.60785364272304,9.026131123507431,7.9874999761581424,6.948868828808854
AMCR,1445340032,16037000,17027135.0,0.9418495830331997,0.0110956589072044,10.44402685240583,9.399999618530273,100.0,-9.996405109156346,Bullish,2024-11-21,19,22.358898867689025,10.907192642981439,10.181999969482423,9.456807295983406
DNN,892617984,18035700,21276105.0,0.8476974521417336,0.0202053961753923,1.9729511516003737,1.940000057220459,97.42267680150425,-1.6701424337437956,Bullish,2024-11-19,14,35.850528278097535,2.48329842413328,2.2104999840259554,1.9377015439186307
GGB,1339260032,17807200,11703340.0,1.521548549388465,0.0132962976378884,3.312392688811087,3.109999895095825,100.0,-6.110169075029153,Bullish,2024-12-11,1,35.96967655213701,3.5855229389487393,3.3665000200271606,3.147477101105582
MSFT,7434880000,22963700,21397685.0,1.073186188132034,0.003088644335887,426.6306266342305,437.0299987792969,99.9016102608557,2.4375587442254143,Bullish,2024-11-26,23,51.43120286615721,460.5319731332165,436.22649841308595,411.9210236929554
TRNR,903627,180500,2402665.0,0.0751249133774371,0.1997505607955494,5.482000216086419,3.0899999141693115,94.49838697095669,-43.63371411219587,Bearish,2024-11-18,1,36.24683276088531,3.6438652621738465,3.097500002384186,2.551134742594525
MU,1114169984,91396800,25759160.0,3.54812812219032,0.0820312890425165,106.60497572765185,87.08999633789062,103.47916699518005,-18.30588043058792,Bullish,2024-12-04,15,35.30598004107872,109.89832113839131,101.15149955749511,92.40467797659892
AES,711027008,15220600,15211455.0,1.0006011916677269,0.0214065004968137,15.997007722326998,12.4399995803833,104.50161124201134,-22.235459303924614,Bearish,2024-11-26,1,31.018196330628978,13.810197239083406,13.127500057220459,12.444802875357512
BB,591582976,20999500,15510025.0,1.3539307641348095,0.0354971337106225,2.5035445398858474,2.9800000190734863,123.82550448330933,19.03123637693954,Bearish,2024-11-21,4,62.36902713790461,3.1680786596002886,2.7054999589920046,2.2429212583837206
HPE,1315330048,18372300,16190290.0,1.1347727557690444,0.0139678250549629,19.817596911337738,20.889999389648438,103.44663112369408,5.41136487490657,Bullish,2024-12-06,6,44.53788222309786,23.26250839144857,21.778999900817873,20.295491410187175
PBR,3721120000,16353200,16722130.0,0.9779376191908566,0.0043946983703831,14.436343900235036,12.949999809265137,100.69498188350165,-10.29584845887261,Bullish,2024-12-11,2,36.37408246684897,15.164465046565812,14.060499954223634,12.956534861881455
JD,1449500032,7279600,10479850.0,0.6946282628091051,0.0050221454565652,34.31401561427066,35.90999984741211,99.24811902280437,4.651114725487582,Bullish,2024-11-29,19,44.52322437031208,40.074900417244294,36.95674991607666,33.83859941490903
APLT,116356000,6403300,11452310.0,0.5591273725562791,0.0550319708480869,4.833845543217339,1.0199999809265137,86.27451094972407,-78.89878830824999,Bearish,2024-11-27,23,17.34719572029406,10.433506802585775,3.3507500171661375,-3.732006768253501
HOOD,763563008,25513100,26377350.0,0.9672351468210416,0.0334132216106519,27.598913327872523,36.939998626708984,103.76286750411701,33.84584453693969,Bullish,2024-11-07,33,50.39733940042641,42.49238013751358,38.558500099182126,34.624620060850674
AMC,381471008,13516300,19320440.0,0.6995855166859554,0.0354320504482479,4.788772439746464,4.090000152587891,102.2004809876055,-14.591887502500933,Bullish,2024-10-17,53,39.19947264779522,5.278854409985323,4.580499982833862,3.882145555682401
ASPI,71390096,2272900,5787840.0,0.392702631724443,0.0318377495948457,5.616110983755393,4.349999904632568,112.41379249866074,-22.5442674260721,Bullish,2024-10-16,30,41.25804212870717,7.703920062971463,5.343249988555908,2.9825799141403535
XPEV,773772032,6506600,10732220.0,0.6062678551129217,0.0084089366517708,10.495690723912466,12.710000038146973,99.44925495976297,21.097318628011948,Bullish,2024-12-09,4,51.45082729148756,13.645082214930579,12.498499965667724,11.35191771640487
AAL,657131008,17832700,26467210.0,0.6737657652619977,0.0271372067105376,11.983539404614291,16.639999389648438,101.44230636971938,38.85713417223934,Bullish,2024-12-05,13,62.050705921392854,18.472896870872752,15.938999891281128,13.405102911689504
WMT,8033390080,16606500,18199960.0,0.9124470603232095,0.0020671845677385,79.16099642834085,93.4000015258789,98.75802607798892,17.987400032827622,Bullish,2024-11-19,24,59.74308647696238,97.17560043979967,93.22700004577636,89.27839965175306
SNAP,1423059968,26885300,28805010.0,0.9333549962315584,0.0188925980665348,11.370082461726026,11.300000190734863,100.88495067351771,-0.6163743422888444,Bullish,2024-11-27,15,45.408559632644426,12.920671770620242,11.775500059127808,10.630328347635373
WDAY,214000000,4828900,4316125.0,1.1188044831880448,0.022564953271028,247.3952801722914,266.8299865722656,102.32733286555646,7.855730467630378,Bullish,2024-12-09,10,51.11787151540808,284.19928153181775,267.3680023193359,250.53672310685408
WBA,863488000,19414400,26622190.0,0.7292563083653149,0.0224836940409131,10.109659825608368,9.350000381469727,102.13903530593973,-7.51419392188033,Bearish,2024-10-25,33,49.921529977871614,10.525209604364523,9.24800009727478,7.970790590185035
BABA,2382479872,13795100,14280300.0,0.9660231227635274,0.005790227301446,91.6262953522676,84.30999755859375,97.59222056923194,-7.984932453664665,Bullish,2024-12-04,16,39.74094866371411,90.84625883683411,86.53850021362305,82.230741590412
AU,503515008,2274600,4672245.0,0.4868323471906974,0.0045174423082936,27.008887986283526,23.260000228881836,102.75150207803418,-13.880200322595895,Bullish,2024-11-25,22,37.16069475057019,26.90747646092629,25.11550016403198,23.323523867137673
COIN,204910000,11708600,12911815.0,0.9068128686788032,0.0571402078961495,240.360689955139,273.9200134277344,101.74867764038258,13.962068206269041,Bullish,2024-11-06,20,43.940865993586414,338.05440171778366,307.5230026245117,276.9916035312398
KO,4307800064,21300600,20398765.0,1.044210274494559,0.0049446584529323,66.7365759773378,62.45000076293945,100.16012565716483,-6.4231272755946645,Bearish,2024-09-06,76,41.58403052438003,64.74384896487047,63.31549968719482,61.88715040951918
KGC,1229049984,17242900,16036660.0,1.0752176575421566,0.0140294538256956,9.349705433117414,9.069999694824219,101.98456792979273,-2.991599471171091,Bullish,2024-12-04,13,37.91560101351944,10.503495828302356,9.822499990463257,9.141504152624158
LX,128742000,3247100,5311110.0,0.6113787889913784,0.0252217613521616,3.630290289056055,5.829999923706055,101.37221140228077,60.59321595524434,Bullish,2024-11-26,23,69.13803710343073,7.008883463314122,5.226500010490417,3.444116557666712
IFBD,1986970,29100,1034625.0,0.0281261326567596,0.0146454148779297,2.5522048654271465,2.309999942779541,97.0129866912888,-9.490026679620374,Bullish,2024-11-27,15,50.88373734293994,3.1495113785217006,2.3717500150203703,1.59398865151904
UBER,2105709952,27811400,30544070.0,0.9105335340051276,0.0132076119854896,70.08188286421624,60.209999084472656,100.86364468638196,-14.086213692161175,Bullish,2024-11-25,10,29.47748170171922,76.67603008772316,66.67349967956542,56.670969271407685
NOK,5388100096,18121200,14633565.0,1.2383311927066305,0.003363189190463,4.264301570483343,4.429999828338623,100.0,3.8857068412377513,Bearish,2024-11-04,32,53.23173883631175,4.547437666787171,4.306499934196472,4.065562201605773
GME,446800000,10338200,14004020.0,0.7382308794189097,0.0231383169203222,24.745570644224124,29.0,102.82758515456626,17.19269042910071,Bullish,2024-10-28,36,54.47342698116885,31.06215526694865,28.695499897003174,26.328844527057697
RIG,875804032,29562100,20716290.0,1.4269977877312974,0.0337542405833546,4.614358611353416,3.549999952316284,99.43662024802383,-23.06623192264092,Bullish,2024-11-29,5,28.761291160830087,4.657048601649373,4.092500042915344,3.527951484181316
CSCO,3982759936,21947800,19400375.0,1.1313080288396486,0.0055107012103879,52.14828950921596,57.630001068115234,101.54433346026926,10.511776341063914,Bullish,2024-11-27,12,43.92332216156324,60.28176780654577,58.85699996948242,57.432232132419074
BZ,364894016,3290400,5657935.0,0.5815549312602566,0.0090174128807856,14.810922318660513,13.729999542236328,99.19883714242769,-7.298146281290754,Bullish,2024-12-02,18,47.17864307977078,15.265109037121732,13.713500022888184,12.161891008654635
GOOG,5534000128,26981200,22616090.0,1.1930090479830953,0.0048755329555351,172.56891165573498,189.6999969482422,101.71850807489177,9.927098182483027,Bearish,2024-11-18,21,58.955251605936866,201.92112891552813,180.52700119018556,159.132873464843
VZ,4209629952,17859100,16560070.0,1.0784435089948292,0.0042424394076527,41.96581193080658,39.970001220703125,99.89992265622793,-4.755801492400903,Bullish,2024-11-15,21,29.203499879254295,45.15328381362754,42.53600025177002,39.9187166899125
HUT,93678704,7806800,8500425.0,0.9184011387665912,0.0833359095147174,18.155626317390627,23.799999237060547,99.49580279104418,31.088836160190052,Bullish,2024-12-06,3,46.39024022385721,30.31709762307821,26.711500072479247,23.10590252188028
AGNC,885640000,21140300,14867635.0,1.4219006587127003,0.0238700826520934,9.958876295062197,9.270000457763672,101.94174048126085,-6.917204480590677,Bullish,2024-11-11,37,34.447833953868326,9.851608891040918,9.596000003814698,9.340391116588478
BE,228576000,9334500,7907400.0,1.1804765156688672,0.040837620747585,15.762102954933637,22.8799991607666,105.419587954326,45.158290274997974,Bullish,2024-10-29,38,50.64124731837283,28.228171302086913,25.508499908447266,22.78882851480762
YMM,939156992,4206200,12727180.0,0.3304895507095837,0.004478697423146,8.903488512459033,10.920000076293945,103.66300014409914,22.648555799371465,Bullish,2024-11-20,27,58.22495010986077,12.123839216285237,10.591000032424926,9.058160848564615
KVUE,1917260032,13048400,12885110.0,1.0126727672483975,0.0068057539312434,21.3385076989085,21.610000610351562,100.74039723689535,1.2723144245787583,Bullish,2024-10-22,42,28.623879730049417,24.908929635893454,23.05699987411499,21.205070112336525
BTG,1311399936,17075500,14622825.0,1.1677292178494922,0.0130208180824556,2.9649208466080244,2.440000057220459,101.63934266045031,-17.704377841590393,Bullish,2024-12-11,5,30.23061808462295,2.9935652976025975,2.725499987602234,2.4574346776018703
LUNR,92609504,13936300,17228585.0,0.8089056646265494,0.1504845550193207,8.830372719604929,12.779999732971191,106.18153347699142,44.727749765277956,Bullish,2024-11-07,27,52.776557615264316,15.928079613263915,13.343750047683717,10.759420482103518
GM,1099600000,11211900,12375160.0,0.9060004072674616,0.0101963441251364,48.87398896049079,50.34000015258789,102.920145443479,2.999573440347189,Bullish,2024-11-25,1,36.15527011052122,58.68282587711805,53.75950031280517,48.8361747484923
RXRX,383724000,16490600,16137720.0,1.0218667816767175,0.0429751592290292,7.051020805146207,6.090000152587891,99.01477928938894,-13.629525129991288,Bullish,2024-11-29,19,42.40414901700148,8.337991289130011,6.864250063896179,5.390508838662347
PARA,626273024,9067300,11215420.0,0.8084672709537405,0.0144781902661034,10.862944537923006,10.579999923706055,100.75614295163464,-2.604676966076553,Bullish,2024-12-09,8,43.02186584424434,11.453962986642928,10.976500082015992,10.499037177389056
XOM,4395089920,20565600,16986705.0,1.2106880057079934,0.0046792216710778,116.25791443101657,105.51000213623047,100.34120045783597,-9.244886550208625,Bullish,2024-11-21,5,17.92897371004486,123.69113744698888,114.19949989318847,104.70786233938807
SMR,101097000,9441800,9909535.0,0.952799500682928,0.0933934735946665,17.35084308058606,19.010000228881836,103.99789700016504,9.562400746694637,Bullish,2024-11-08,24,37.63047050029834,30.993029746678516,24.489999866485597,17.986969986292678
CRWD,246311008,4375900,4306290.0,1.0161647264814957,0.0177657508510541,299.4700022701726,351.0299987792969,103.2077058384701,17.217082218007416,Bullish,2024-12-16,2,49.37900658378324,382.43820192912955,360.22224884033204,338.00629575153454
APLD,211246000,19621200,18106255.0,1.083669704198908,0.0928831788530907,7.2007029967227405,8.045000076293945,99.5649490729622,11.725203496873432,Bullish,2024-11-19,21,43.2849543073729,10.796387986084603,9.517749977111816,8.239111968139028
WDC,345708000,13538900,5945195.0,2.2772844288538896,0.0391628194892799,66.80794111193521,59.619998931884766,101.03992411554783,-10.759113453305208,Bullish,2024-11-25,16,30.01296100246692,76.20441532046956,68.67799968719483,61.15158405392008
HL,637014976,10611000,10398980.0,1.020388538106622,0.0166573791822439,5.990434132716221,4.949999809265137,101.8181849708243,-17.36826247314606,Bullish,2024-11-29,19,33.19275626869862,5.963828839638977,5.4984999895095825,5.033171139380188
ZIM,120389000,3608900,7934410.0,0.4548416328372242,0.0299769912533537,21.152647915352425,18.3799991607666,99.5103468479402,-13.107809318631247,Bullish,2024-10-31,22,34.916729474327525,23.778694096978644,20.50999994277954,17.241305788580437
BTE,787328000,12104200,11229265.0,1.077915607121214,0.0153737705251178,3.155103447494685,2.2300000190734863,102.6905803706885,-29.32085885031055,Bullish,2024-11-04,22,21.63128002349809,3.1128268214458177,2.6479999661445617,2.1831731108433057
LUMN,1014809984,23082800,12723155.0,1.8142355414203477,0.0227459330948009,5.303851662890376,6.059999942779541,97.68977115829176,14.256588003388762,Bullish,2024-11-01,18,38.639116826657286,8.066714162694927,6.791499972343445,5.516285781991963
PTON,363318016,10401300,13815575.0,0.7528676873745754,0.0286286381130078,5.84530810333851,9.229999542236328,101.62514170795123,57.90441460159599,Bullish,2024-11-22,13,50.72198523017929,10.439749480258392,9.710999917984008,8.982250355709624
MAC,252227008,2581100,3202510.0,0.8059615738904796,0.010233241953217,17.933293892024217,19.920000076293945,101.70682806870323,11.078311637737173,Bullish,2024-11-25,17,43.06017915589774,22.452393823728958,21.01500005722046,19.57760629071196
TSM,5186549760,10553400,12265295.0,0.8604277353296436,0.0020347630868965,179.49902645979216,194.63999938964844,101.3203901213922,8.43512816112563,Bullish,2024-12-03,16,49.971962586110166,207.9301975128544,194.43150177001954,180.93280602718468
MRK,2529639936,12110800,13505155.0,0.8967538691706981,0.0047875588251307,111.50044350655241,99.5199966430664,98.52291635762327,-10.744752654532686,Bullish,2024-11-21,27,44.376898712387145,104.06855309106174,101.14099998474121,98.21344687842068
C,1891260032,13464300,13423385.0,1.003048038926098,0.0071192219854408,64.19722692317205,68.41999816894531,101.12540820384066,6.577809429100194,Bullish,2024-11-06,35,42.96295851356527,73.30106434089586,70.84600028991699,68.39093623893811
TEVA,1133049984,14458000,11659660.0,1.2400018525411547,0.0127602490659405,17.694873784086692,21.309999465942383,103.6602567160647,20.430355853155824,Bearish,2024-12-13,4,75.44923593442626,20.69901157405212,17.67850008010864,14.657988586165164
CNH,1248979968,9768500,11178210.0,0.8738876796911134,0.0078211822849668,10.825246689055975,11.0,101.27273039384322,1.614312504496511,Bullish,2024-11-20,19,36.08956403429916,12.883875222214247,12.001999998092652,11.120124773971057
WOLF,127713000,9560500,12644015.0,0.7561284924132089,0.0748592547352266,11.596735729001177,7.0,100.5714280264718,-39.63818643815118,Bullish,2024-11-26,20,37.267123592761564,11.171483336594376,8.812999939918518,6.45451654324266
JBLU,346876992,14346900,18055135.0,0.7946160469030001,0.0413601949131293,6.092180171636735,7.289999961853027,102.05761448768655,19.661594970433782,Bearish,2024-11-20,14,59.563634254323205,7.637584736857561,6.603500032424927,5.569415327992293
CIFR,347806016,10619900,10762155.0,0.9867819223937956,0.0305339744324606,5.063818852934854,5.739999771118164,99.8257882849579,13.353181419422496,Bullish,2024-12-17,1,44.43823749057022,7.38268669661881,6.48899998664856,5.59531327667831
PDD,1388770048,10898800,12385685.0,0.8799513309114514,0.0078478075011018,118.82926593399313,101.0,98.5247545903272,-15.00410340319435,Bearish,2024-10-15,55,42.22686060565935,107.24324970166302,101.20499954223632,95.16674938280963
LYG,15008400384,9614000,9753395.0,0.985708053452157,0.0006405745951613,2.9292586847601707,2.680000066757202,100.37313396321504,-8.509272987727824,Bearish,2024-11-27,6,40.61969253411893,2.7989749493863627,2.7190000295639036,2.6390251097414446
OWL,568430976,6038000,6991405.0,0.863631845101235,0.0106222219670168,20.29966192633644,23.100000381469727,101.68830901821666,13.79500045515622,Bullish,2024-12-12,6,46.40644717235065,25.104281299040476,23.86200008392334,22.619718868806206
NOVA,124953000,11482000,9777755.0,1.1742981901264655,0.0918905508471185,6.201944031809876,3.369999885559082,109.79229000982255,-45.662200944183056,Bullish,2024-11-18,24,33.17774670988942,5.773767938503523,4.560499978065491,3.3472320176274586
INFY,4142030080,9178400,6880135.0,1.3340435907144264,0.0022159182388168,21.756980666757908,23.420000076293945,97.05379790004336,7.643613031641537,Bullish,2024-11-11,39,60.170740898088994,23.77731240512583,22.85500011444092,21.93268782375601
CCL,1164000000,21381700,18681940.0,1.1445117584148112,0.0183691580756013,19.314780235558114,25.18000030517578,106.43367320194899,30.36648617321525,Bullish,2024-12-04,5,50.8732235182937,26.891653203069804,25.741500091552734,24.591346980035663
XP,433628992,8135400,8681055.0,0.937144160473583,0.0187611994356687,17.084859636457537,12.100000381469727,100.66115637342101,-29.177057119922566,Bullish,2024-11-06,2,24.517020290105002,16.18503935974693,13.75850019454956,11.33196102935219
MPW,600400000,18522600,12415265.0,1.491921437037389,0.0308504330446369,4.7787844819795,3.759999990463257,102.65957193846289,-21.318904323013857,Bullish,2024-11-22,20,30.067644811625854,4.5001403542077085,4.148499965667725,3.7968595771277402
BBAI,250586000,80455700,45261705.0,1.7775667089872111,0.3210702114244211,2.485316212445696,2.819999933242798,110.2836868339762,13.466444194147586,Bullish,2024-12-17,2,53.460369158605616,3.6302888888642997,2.730000007152557,1.8297111254408147
UMC,2512140032,10388800,10914695.0,0.9518177099772372,0.0041354382588812,7.858642003131227,6.519999980926514,100.15337774403513,-17.034012004508416,Bearish,2024-12-13,4,40.061804591188206,6.962171809281285,6.64799997806549,6.3338281468496955
HBAN,1452809984,18751100,13325950.0,1.4071116880972838,0.0129067807948103,15.049321178263611,15.90999984741211,102.57699466589749,5.719053098498649,Bullish,2024-11-06,23,29.307501113812233,18.637965184805402,17.422500133514404,16.207035082223406
HSAI,97445000,2558900,5403635.0,0.473551599987786,0.0262599415054646,7.407854316802886,11.050000190734863,111.13121738466259,49.166002977011445,Bearish,2024-10-15,37,60.7448149343364,14.229577186887322,9.189499950408935,4.149422713930548
LESL,184968992,8137900,8284020.0,0.9823612207599692,0.0439960228577122,2.936524690727454,2.059999942779541,104.85437601110891,-29.84905084284426,Bullish,2024-11-22,4,35.952992575714795,3.169323988993213,2.504000020027161,1.8386760510611084
MRVL,865299968,21497800,19348320.0,1.1110938830864905,0.0248443323645193,82.17461929641445,109.11000061035156,102.55705334059238,32.7782246447382,Bullish,2024-12-03,16,55.24425094660626,125.93413022246052,104.88450050354004,83.83487078461955
PCG,2193509888,17671200,20113800.0,0.8785609879784029,0.0080561296288991,19.523693733965505,19.420000076293945,102.05973026240383,-0.5311170062617973,Bullish,2024-11-11,21,34.84853079582443,21.955243183334566,20.434999847412108,18.91475651148965
PAGS,191528992,7704800,7744925.0,0.9948191880489482,0.0402278522929834,9.502128207838393,6.260000228881836,102.23641951065237,-34.12001930559194,Bullish,2024-11-25,8,27.377596418240525,8.313463252160487,7.2565000534057615,6.199536854651036
NKE,1190599936,27067600,12243775.0,2.210723408425914,0.0227344208424348,79.00075236106115,77.0999984741211,99.7924824437337,-2.4059946647760264,Bullish,2024-11-22,26,46.95682342257652,79.88832156745595,77.89549942016602,75.90267727287609
NEE,2056400000,13731700,9504100.0,1.4448185519933503,0.0066775432795176,77.57948971894537,69.7699966430664,102.72323579947846,-10.06644037511868,Bullish,2024-11-19,20,25.15872036698086,79.82841217990553,75.0114990234375,70.19458586696946
TNYA,79220496,6567700,7160280.0,0.917240666566112,0.0829040504871365,2.409694373668519,1.409999966621399,118.43971607221107,-41.48635685799378,Bullish,2024-11-22,20,32.943700638711945,4.4938736170201645,2.9230000019073485,1.3521263867945326
CLF,493944000,21225300,14485130.0,1.465316500438726,0.0429710655458918,12.847028733041531,9.329999923706055,100.5359077293004,-27.376204120178855,Bullish,2024-11-25,17,26.959544132418333,13.832169640298156,11.58450002670288,9.336830413107604
AG,301864000,7216300,8734895.0,0.8261461643213799,0.0239057986377971,6.217433391111339,5.449999809265137,100.18349044462047,-12.34325377644338,Bullish,2024-12-09,7,33.96702199597345,6.718013564089009,6.12999997138977,5.541986378690531
BCS,3599729920,18589800,11990435.0,1.5503857866707922,0.0051642207646511,12.120630714044086,12.920000076293945,101.23838890454562,6.595113580381883,Bullish,2024-12-05,5,42.91685948336229,13.80347144499975,13.36549997329712,12.927528501594487
KDP,1356450048,17074100,10178585.0,1.677453201992222,0.0125873415133676,34.23235971734807,32.400001525878906,99.90739940561369,-5.352707808046811,Bullish,2024-11-22,28,41.24793054741674,33.773289782977194,32.885000228881836,31.996710674786478
AUR,1351559936,10457000,12278300.0,0.8516651327952567,0.0077369857758198,5.0190180806158855,7.179999828338623,100.13927895711593,43.055866964670564,Bullish,2024-11-19,31,54.37251536504317,8.271717552731092,6.8884999513626095,5.505282349994127
ORCL,2796960000,8386400,10424565.0,0.8044844077426732,0.002998398260969,161.074675635324,168.7899932861328,100.51543954652675,4.789901094245516,Bullish,2024-11-07,19,37.68217463435724,198.3983716892087,181.58300018310547,164.76762867700225
ZETA,212558000,7833100,9309860.0,0.8413767768795664,0.0368515887428372,23.371792912618197,19.06999969482422,101.73046632924499,-18.405918766597846,Bullish,2024-12-02,15,37.65768337519121,26.322765403209466,22.171000003814697,18.01923460441993
SLB,1412150016,16159200,11145150.0,1.4498862734014346,0.011442976891203,43.4005329244376,36.90999984741211,99.78326194340792,-14.95496170133629,Bullish,2024-11-06,28,22.214190384647527,46.040980047040115,41.70450019836426,37.3680203496884
NGD,790900992,10756800,8179220.0,1.315137629260492,0.0136006909952137,2.6410215325294963,2.4800000190734863,101.20967625641302,-6.0969405766937514,Bullish,2024-11-20,26,36.513517260733536,3.0620215796745196,2.784000015258789,2.5059784508430587
DJT,216924000,8413000,13057485.0,0.6443047799786865,0.0387831682985746,32.04923182669281,35.40999984741211,98.02315513709155,10.486266999760721,Bullish,2024-12-03,17,54.00393883557004,39.04891788354523,34.0105001449585,28.97208240637177
DIS,1810940032,9468500,8609100.0,1.0998246041978836,0.0052285000235722,97.95014295701284,111.37000274658203,100.59261562039883,13.700704648750467,Bullish,2024-11-06,29,49.26437915270454,118.84381504247074,115.03800010681152,111.23218517115231
KMI,2221639936,20249900,12828440.0,1.578516171880603,0.0091148433514655,23.128199408864422,26.239999771118164,102.32469746826362,13.454572520941998,Bullish,2024-11-07,20,42.7898994181082,28.84771034181385,27.363000011444093,25.878289681074335
URBN,92277104,1666300,2488940.0,0.6694817874275796,0.0180575671295449,41.288665146373596,53.7400016784668,102.5120923557061,30.15679118700404,Bearish,2024-11-21,1,70.29939010416447,59.51069481992574,49.014500045776366,38.51830527162699
SEDG,57950100,5629200,5243085.0,1.0736427122581458,0.0971387452308106,20.243113532123502,13.109999656677246,112.66209644971994,-35.23723692072774,Bearish,2024-11-08,17,46.11667151907676,16.13051197864822,13.687999963760376,11.245487948872535
NFE,267120000,5141000,5596650.0,0.9185852250900092,0.0192460317460317,12.179798375142893,11.350000381469727,105.37444613370361,-6.8129041886822765,Bullish,2024-09-11,98,52.01511037836746,13.886098723341702,11.437500047683717,8.988901372025731
HAL,878502016,14175900,9222250.0,1.5371411531892976,0.0161364456106154,30.75313852680803,25.770000457763672,100.77609178128893,-16.203673211111354,Bullish,2024-11-05,29,22.092992256750364,33.75572843642893,29.79650011062622,25.83727178482351
LRCX,1286690048,17426400,12076100.0,1.4430486663740778,0.0135435880825278,81.79166639164859,71.20999908447266,100.81449492839715,-12.937341631489716,Bullish,2024-11-26,23,40.79882784608069,80.15590643426238,75.46149940490723,70.76709237555208
OKLO,136796000,33848400,13676095.0,2.47500474367866,0.2474370595631451,18.050453115402817,20.959999084472656,102.67176239385367,16.11896360976703,Bullish,2024-11-07,4,52.6169677110764,25.14553844251436,20.858000087738038,16.570461732961714
ERIC,3070000128,19648200,16223465.0,1.2110976292672373,0.0064000648797367,7.488229971759744,8.050000190734863,100.12422644279371,7.502042820449092,Bullish,2024-12-04,12,43.4724538750529,8.43951258748561,8.21399998664856,7.98848738581151
NTNX,267928000,2540100,4224000.0,0.6013494318181818,0.0094805320832462,60.47296870212063,63.900001525878906,101.83098300627032,5.66704909203192,Bullish,2024-11-22,5,42.71867713846566,73.10464962445981,67.32900047302246,61.55335132158511
CVX,1782919936,16544300,8907470.0,1.8573511895072337,0.0092793286260051,151.317634691426,141.14999389648438,101.2044011906072,-6.7194024118047855,Bullish,2024-11-04,25,21.891283913041285,168.88351216026456,156.4755012512207,144.06749034217682
RUN,224339008,12947400,7932195.0,1.6322594187359236,0.0577135475253594,14.907640804934212,9.130000114440918,108.10514525566882,-38.75623759717218,Bearish,2024-12-18,2,31.963253614838237,12.092072114784024,10.61449999809265,9.136927881401277
JWN,164907008,3197100,2714685.0,1.177705700661403,0.0193872900780541,22.553854968050842,24.059999465942383,101.95345482600042,6.677991412222445,Bearish,2024-12-09,10,58.08117442786506,24.556947127873013,23.266999912261962,21.97705269665091
HIVE,129042000,7991200,8709275.0,0.9175505423815415,0.0619271245021,3.6908551354973667,3.140000104904175,99.68152897677811,-14.924861864538084,Bullish,2024-11-07,11,33.96823280807138,4.482357546777424,3.934000027179718,3.385642507582013
CVS,1258409984,26006200,14273985.0,1.8219298955407337,0.020665919955066,57.60484156367604,43.779998779296875,101.32481006675809,-23.999445895701786,Bullish,2024-11-19,17,24.760137624921306,65.35620823391037,54.20549964904785,43.054791064185345
KODK,80400000,1341200,2448900.0,0.5476744660868145,0.0166815920398009,5.87342101948463,6.880000114440918,99.56395044608531,17.1378672091961,Bullish,2024-12-16,2,56.979380452665765,7.897936584392788,6.7354999542236325,5.573063324054477
API,73030000,2456100,2464855.0,0.9964480669248292,0.0336313843625907,4.605970780826147,3.9600000381469727,114.89899360869636,-14.024638310087372,Bullish,2024-11-06,35,41.17470691726423,6.3783842303762075,5.1149999618530275,3.8516156933298475
STNE,278025984,6657500,7146360.0,0.931593146720848,0.0239456035879006,11.66000243275775,8.0,102.49999761581421,-31.389379666639655,Bullish,2024-11-26,6,26.718216493166814,10.851963417286239,9.355000019073486,7.858036620860734
GAP,377121984,5359400,8680170.0,0.6174303037843729,0.0142113168348202,22.683107391431363,23.8799991607666,100.96315518286465,5.276577625283249,Bullish,2024-11-22,20,48.84380327259184,26.63302113439207,24.768000030517577,22.902978926643083
CRM,957000000,7423400,7797695.0,0.9519992767093352,0.0077569487983281,286.3725583448385,336.2300109863281,102.20681755575292,17.40999658963595,Bullish,2024-12-04,9,48.26589767294202,369.59841385169074,346.15050048828124,322.70258712487174
CDE,399240992,9876300,9053580.0,1.0908723400025184,0.024737690262026,6.395362790867228,5.769999980926514,101.90641479857928,-9.77837896598691,Bullish,2024-12-03,13,37.460763756662075,7.305991200931688,6.554500007629395,5.803008814327102
RCAT,80160800,8751300,11656780.0,0.7507476335660448,0.1091718146525483,6.664199577592832,9.085000038146973,118.3269119962781,36.32544962629338,Bullish,2024-11-04,32,57.010116672903756,11.136284284376018,8.784499979019165,6.432715673662313
VRT,375336000,6615500,6821585.0,0.9697892791777863,0.0176255408487328,97.03129784711801,115.44000244140625,103.9847525786877,18.97192452613887,Bullish,2024-11-07,20,39.62627041836199,141.29668161292432,127.76100120544433,114.22532079796434
CVE,1826620032,7857700,8001580.0,0.9820185513361112,0.0043017704078261,17.390722234694266,14.350000381469727,100.48780273842091,-17.484735896467477,Bullish,2024-11-19,17,30.11122728496672,16.385106350947915,15.372000026702882,14.358893702457847
BEKE,1156130048,5482200,7825605.0,0.7005464753204385,0.004741854092871,19.086303754791693,18.260000228881836,100.6571682934317,-4.329300929743458,Bullish,2024-12-09,9,39.56273199711149,20.73083902548136,19.278999996185302,17.827160966889245
LI,883104000,5048900,5517945.0,0.9149964343609804,0.0057172201688589,22.883690583710525,23.350000381469727,100.89935366613231,2.0377386071245804,Bearish,2024-10-31,29,51.68262534600421,23.812996153548333,22.700000095367432,21.58700403718653
META,2180000000,14958100,11534810.0,1.296779054011293,0.0068615137614678,541.2794863476422,595.5700073242188,98.26720499734624,10.03003482413666,Bullish,2024-11-29,19,48.44344018318946,648.7019166976626,600.525503540039,552.3490903824155
VSH,123741000,2713000,2745760.0,0.988068877105064,0.0219248268560945,19.02883907884428,17.010000228881836,100.99941254559948,-10.609364247590543,Bullish,2024-11-25,18,42.75259130863912,19.752101116558677,17.85949993133545,15.966898746112221
BMY,2028179968,11487900,9774300.0,1.1753169024891807,0.0056641423252633,49.81840762318269,56.29999923706055,101.82948953455069,13.010435144582367,Bullish,2024-10-31,33,45.72484949231563,60.522995803673595,58.02649974822998,55.530003692786366
FCX,1436930048,15766500,11487485.0,1.3724936311124671,0.0109723504090854,45.382870565502394,38.2400016784668,101.62133604778028,-15.739129759820042,Bullish,2024-12-09,3,26.235280579492226,45.89712436332303,42.50250015258789,39.107875941852754
NEM,1138450048,13794000,10146325.0,1.359507013623159,0.0121164736425923,47.31070311946414,37.02000045776367,103.40356106416245,-21.751320490239674,Bullish,2024-11-20,28,22.79665166129459,44.30839436444802,41.16400012969971,38.0196058949514
SNOW,330071008,5792300,9957630.0,0.5816946401904871,0.0175486481987536,133.24454899233592,164.2100067138672,101.26666249754801,23.239568114199077,Bullish,2024-11-06,35,53.317197508145,185.3413422489155,173.17900009155272,161.01665793418994
ASTS,200344992,5767300,7641825.0,0.7547019200256483,0.0287868438458396,25.320001775582526,23.0,99.47825722072436,-9.16272358961614,Bullish,2024-12-06,13,45.05917298829614,25.50281142989694,23.784749889373778,22.066688348850615
HST,699028992,7594900,7129335.0,1.0653027245879174,0.0108649284749551,17.613775445381002,17.6299991607666,103.23313459617923,0.09210810842858916,Bullish,2024-11-22,25,37.575963630410286,19.28569809610368,18.482999801635742,17.680301507167805
BP,2638860032,10605700,10534830.0,1.0067272086972452,0.0040190460545047,31.763514631792393,28.40999984741211,100.66878048249946,-10.557757298758496,Bullish,2024-11-18,30,39.015140259562244,30.436590760385705,29.34999990463257,28.26340904887943
OXY,938342976,18592100,11190700.0,1.6613884743581724,0.0198137573099923,53.72709067587933,45.36000061035156,103.90211735878975,-15.573316850532832,Bullish,2024-11-06,28,27.68082638069666,52.41366752891271,48.800500106811526,45.18733268471034
IBN,3529009920,3602200,5034020.0,0.715571253193273,0.0010207395506556,29.590140833028396,30.06999969482422,100.76488042757086,1.621684954132445,Bullish,2024-11-22,25,42.97004403505863,31.837328179628784,30.886999988555907,29.93667179748303
AFRM,271918016,8404300,8371665.0,1.003898268743434,0.0309074776420845,44.69126530662179,63.0,104.19047522166419,40.967143283511945,Bullish,2024-11-06,33,47.776208566914875,73.93241435100732,68.6149995803833,63.29758480975927
TGT,458212000,5262100,8215155.0,0.6405356928749366,0.0114839855787277,142.3684965692463,130.42999267578125,100.80503190272185,-8.38563599472887,Bearish,2024-11-20,19,39.82227280526443,138.08275475625757,131.05949897766112,124.03624319906467
KHC,1209170048,13772400,11609105.0,1.1863446837633047,0.0113899612571283,33.43764346615738,30.100000381469727,101.39534907299372,-9.981693500816593,Bullish,2024-11-25,24,32.955712983066086,32.41842594972129,31.351499938964842,30.2845739282084
ARWR,124434000,1829300,2093870.0,0.8736454507681948,0.0147009659739299,22.8628949106415,19.5,99.74359365609976,-14.708963688916954,Bullish,2024-11-27,15,39.481697006634136,27.354391734949353,22.43400020599365,17.51360867703795
SQ,559742016,8398200,8989175.0,0.9342570369360926,0.0150036977034791,74.01459296498126,87.63999938964844,102.29347575334178,18.409081072855194,Bullish,2024-12-04,6,46.820485517292,99.6916072999196,92.90400047302246,86.11639364612533
ASX,2172039936,9322800,7360470.0,1.2666038989358015,0.0042921862740556,10.05368002425706,9.90999984741211,100.90817511577856,-1.4291301941009258,Bullish,2024-11-29,20,49.474764256098595,10.283034162733104,9.93300004005432,9.582965917375537
AMGN,537532992,4725800,4654060.0,1.0154144983090034,0.0087916464111657,307.02825172444557,261.19000244140625,100.8384710061395,-14.92965192147159,Bullish,2024-12-10,7,27.879172242019568,294.872423282175,276.343000793457,257.813578304739
TFC,1327520000,7541800,7926055.0,0.9515200184707272,0.0056811196818127,43.318548339899856,42.54999923706055,101.80963683095207,-1.7741801890702174,Bullish,2024-11-06,26,28.840432443663914,49.236288216738615,46.327999877929685,43.419711539120755
FLNC,129621000,4568700,4460895.0,1.0241666750730516,0.0352466035596083,18.393775321867917,15.0,101.40000025431316,-18.450672917773105,Bullish,2024-11-20,7,33.979892617793325,22.423267223413944,18.13650016784668,13.849733112279418
